code,exchange,source,as_of
510010,SSE,sse_etf_fundlist,2026-02-10
510020,SSE,sse_etf_fundlist,2026-02-10
510030,SSE,sse_etf_fundlist,2026-02-10
510040,SSE,sse_etf_fundlist,2026-02-10
510050,SSE,sse_etf_fundlist,2026-02-10
510060,SSE,sse_etf_fundlist,2026-02-10
510090,SSE,sse_etf_fundlist,2026-02-10
510100,SSE,sse_etf_fundlist,2026-02-10
510130,SSE,sse_etf_fundlist,2026-02-10
510150,SSE,sse_etf_fundlist,2026-02-10
510160,SSE,sse_etf_fundlist,2026-02-10
510170,SSE,sse_etf_fundlist,2026-02-10
510180,SSE,sse_etf_fundlist,2026-02-10
510190,SSE,sse_etf_fundlist,2026-02-10
510200,SSE,sse_etf_fundlist,2026-02-10
510210,SSE,sse_etf_fundlist,2026-02-10
510230,SSE,sse_etf_fundlist,2026-02-10
510270,SSE,sse_etf_fundlist,2026-02-10
510290,SSE,sse_etf_fundlist,2026-02-10
510300,SSE,sse_etf_fundlist,2026-02-10
510310,SSE,sse_etf_fundlist,2026-02-10
510320,SSE,sse_etf_fundlist,2026-02-10
510330,SSE,sse_etf_fundlist,2026-02-10
510350,SSE,sse_etf_fundlist,2026-02-10
510360,SSE,sse_etf_fundlist,2026-02-10
510370,SSE,sse_etf_fundlist,2026-02-10
510380,SSE,sse_etf_fundlist,2026-02-10
510390,SSE,sse_etf_fundlist,2026-02-10
510410,SSE,sse_etf_fundlist,2026-02-10
510500,SSE,sse_etf_fundlist,2026-02-10
510510,SSE,sse_etf_fundlist,2026-02-10
510530,SSE,sse_etf_fundlist,2026-02-10
510550,SSE,sse_etf_fundlist,2026-02-10
510560,SSE,sse_etf_fundlist,2026-02-10
510570,SSE,sse_etf_fundlist,2026-02-10
510580,SSE,sse_etf_fundlist,2026-02-10
510590,SSE,sse_etf_fundlist,2026-02-10
510600,SSE,sse_etf_fundlist,2026-02-10
510630,SSE,sse_etf_fundlist,2026-02-10
510650,SSE,sse_etf_fundlist,2026-02-10
510660,SSE,sse_etf_fundlist,2026-02-10
510670,SSE,sse_etf_fundlist,2026-02-10
510680,SSE,sse_etf_fundlist,2026-02-10
510710,SSE,sse_etf_fundlist,2026-02-10
510720,SSE,sse_etf_fundlist,2026-02-10
510760,SSE,sse_etf_fundlist,2026-02-10
510770,SSE,sse_etf_fundlist,2026-02-10
510800,SSE,sse_etf_fundlist,2026-02-10
510810,SSE,sse_etf_fundlist,2026-02-10
510850,SSE,sse_etf_fundlist,2026-02-10
510880,SSE,sse_etf_fundlist,2026-02-10
510900,SSE,sse_etf_fundlist,2026-02-10
510950,SSE,sse_etf_fundlist,2026-02-10
510980,SSE,sse_etf_fundlist,2026-02-10
510990,SSE,sse_etf_fundlist,2026-02-10
511010,SSE,sse_etf_fundlist,2026-02-10
511020,SSE,sse_etf_fundlist,2026-02-10
511030,SSE,sse_etf_fundlist,2026-02-10
511060,SSE,sse_etf_fundlist,2026-02-10
511070,SSE,sse_etf_fundlist,2026-02-10
511090,SSE,sse_etf_fundlist,2026-02-10
511100,SSE,sse_etf_fundlist,2026-02-10
511110,SSE,sse_etf_fundlist,2026-02-10
511120,SSE,sse_etf_fundlist,2026-02-10
511130,SSE,sse_etf_fundlist,2026-02-10
511150,SSE,sse_etf_fundlist,2026-02-10
511160,SSE,sse_etf_fundlist,2026-02-10
511180,SSE,sse_etf_fundlist,2026-02-10
511190,SSE,sse_etf_fundlist,2026-02-10
511200,SSE,sse_etf_fundlist,2026-02-10
511220,SSE,sse_etf_fundlist,2026-02-10
511260,SSE,sse_etf_fundlist,2026-02-10
511270,SSE,sse_etf_fundlist,2026-02-10
511360,SSE,sse_etf_fundlist,2026-02-10
511380,SSE,sse_etf_fundlist,2026-02-10
511520,SSE,sse_etf_fundlist,2026-02-10
511580,SSE,sse_etf_fundlist,2026-02-10
511600,SSE,sse_etf_fundlist,2026-02-10
511620,SSE,sse_etf_fundlist,2026-02-10
511650,SSE,sse_etf_fundlist,2026-02-10
511660,SSE,sse_etf_fundlist,2026-02-10
511670,SSE,sse_etf_fundlist,2026-02-10
511690,SSE,sse_etf_fundlist,2026-02-10
511700,SSE,sse_etf_fundlist,2026-02-10
511770,SSE,sse_etf_fundlist,2026-02-10
511800,SSE,sse_etf_fundlist,2026-02-10
511810,SSE,sse_etf_fundlist,2026-02-10
511820,SSE,sse_etf_fundlist,2026-02-10
511830,SSE,sse_etf_fundlist,2026-02-10
511850,SSE,sse_etf_fundlist,2026-02-10
511860,SSE,sse_etf_fundlist,2026-02-10
511880,SSE,sse_etf_fundlist,2026-02-10
511900,SSE,sse_etf_fundlist,2026-02-10
511910,SSE,sse_etf_fundlist,2026-02-10
511920,SSE,sse_etf_fundlist,2026-02-10
511930,SSE,sse_etf_fundlist,2026-02-10
511950,SSE,sse_etf_fundlist,2026-02-10
511960,SSE,sse_etf_fundlist,2026-02-10
511970,SSE,sse_etf_fundlist,2026-02-10
511980,SSE,sse_etf_fundlist,2026-02-10
511990,SSE,sse_etf_fundlist,2026-02-10
512000,SSE,sse_etf_fundlist,2026-02-10
512010,SSE,sse_etf_fundlist,2026-02-10
512020,SSE,sse_etf_fundlist,2026-02-10
512030,SSE,sse_etf_fundlist,2026-02-10
512040,SSE,sse_etf_fundlist,2026-02-10
512050,SSE,sse_etf_fundlist,2026-02-10
512060,SSE,sse_etf_fundlist,2026-02-10
512070,SSE,sse_etf_fundlist,2026-02-10
512080,SSE,sse_etf_fundlist,2026-02-10
512090,SSE,sse_etf_fundlist,2026-02-10
512100,SSE,sse_etf_fundlist,2026-02-10
512120,SSE,sse_etf_fundlist,2026-02-10
512130,SSE,sse_etf_fundlist,2026-02-10
512150,SSE,sse_etf_fundlist,2026-02-10
512160,SSE,sse_etf_fundlist,2026-02-10
512170,SSE,sse_etf_fundlist,2026-02-10
512180,SSE,sse_etf_fundlist,2026-02-10
512190,SSE,sse_etf_fundlist,2026-02-10
512200,SSE,sse_etf_fundlist,2026-02-10
512220,SSE,sse_etf_fundlist,2026-02-10
512240,SSE,sse_etf_fundlist,2026-02-10
512250,SSE,sse_etf_fundlist,2026-02-10
512260,SSE,sse_etf_fundlist,2026-02-10
512290,SSE,sse_etf_fundlist,2026-02-10
512330,SSE,sse_etf_fundlist,2026-02-10
512360,SSE,sse_etf_fundlist,2026-02-10
512370,SSE,sse_etf_fundlist,2026-02-10
512380,SSE,sse_etf_fundlist,2026-02-10
512390,SSE,sse_etf_fundlist,2026-02-10
512400,SSE,sse_etf_fundlist,2026-02-10
512480,SSE,sse_etf_fundlist,2026-02-10
512500,SSE,sse_etf_fundlist,2026-02-10
512510,SSE,sse_etf_fundlist,2026-02-10
512520,SSE,sse_etf_fundlist,2026-02-10
512530,SSE,sse_etf_fundlist,2026-02-10
512550,SSE,sse_etf_fundlist,2026-02-10
512560,SSE,sse_etf_fundlist,2026-02-10
512570,SSE,sse_etf_fundlist,2026-02-10
512580,SSE,sse_etf_fundlist,2026-02-10
512600,SSE,sse_etf_fundlist,2026-02-10
512620,SSE,sse_etf_fundlist,2026-02-10
512630,SSE,sse_etf_fundlist,2026-02-10
512640,SSE,sse_etf_fundlist,2026-02-10
512650,SSE,sse_etf_fundlist,2026-02-10
512660,SSE,sse_etf_fundlist,2026-02-10
512670,SSE,sse_etf_fundlist,2026-02-10
512680,SSE,sse_etf_fundlist,2026-02-10
512690,SSE,sse_etf_fundlist,2026-02-10
512700,SSE,sse_etf_fundlist,2026-02-10
512710,SSE,sse_etf_fundlist,2026-02-10
512720,SSE,sse_etf_fundlist,2026-02-10
512730,SSE,sse_etf_fundlist,2026-02-10
512750,SSE,sse_etf_fundlist,2026-02-10
512760,SSE,sse_etf_fundlist,2026-02-10
512770,SSE,sse_etf_fundlist,2026-02-10
512800,SSE,sse_etf_fundlist,2026-02-10
512810,SSE,sse_etf_fundlist,2026-02-10
512820,SSE,sse_etf_fundlist,2026-02-10
512870,SSE,sse_etf_fundlist,2026-02-10
512880,SSE,sse_etf_fundlist,2026-02-10
512890,SSE,sse_etf_fundlist,2026-02-10
512900,SSE,sse_etf_fundlist,2026-02-10
512910,SSE,sse_etf_fundlist,2026-02-10
512930,SSE,sse_etf_fundlist,2026-02-10
512950,SSE,sse_etf_fundlist,2026-02-10
512960,SSE,sse_etf_fundlist,2026-02-10
512970,SSE,sse_etf_fundlist,2026-02-10
512980,SSE,sse_etf_fundlist,2026-02-10
512990,SSE,sse_etf_fundlist,2026-02-10
513000,SSE,sse_etf_fundlist,2026-02-10
513010,SSE,sse_etf_fundlist,2026-02-10
513020,SSE,sse_etf_fundlist,2026-02-10
513030,SSE,sse_etf_fundlist,2026-02-10
513040,SSE,sse_etf_fundlist,2026-02-10
513050,SSE,sse_etf_fundlist,2026-02-10
513060,SSE,sse_etf_fundlist,2026-02-10
513070,SSE,sse_etf_fundlist,2026-02-10
513080,SSE,sse_etf_fundlist,2026-02-10
513090,SSE,sse_etf_fundlist,2026-02-10
513100,SSE,sse_etf_fundlist,2026-02-10
513110,SSE,sse_etf_fundlist,2026-02-10
513120,SSE,sse_etf_fundlist,2026-02-10
513130,SSE,sse_etf_fundlist,2026-02-10
513140,SSE,sse_etf_fundlist,2026-02-10
513150,SSE,sse_etf_fundlist,2026-02-10
513160,SSE,sse_etf_fundlist,2026-02-10
513170,SSE,sse_etf_fundlist,2026-02-10
513180,SSE,sse_etf_fundlist,2026-02-10
513190,SSE,sse_etf_fundlist,2026-02-10
513200,SSE,sse_etf_fundlist,2026-02-10
513210,SSE,sse_etf_fundlist,2026-02-10
513220,SSE,sse_etf_fundlist,2026-02-10
513230,SSE,sse_etf_fundlist,2026-02-10
513260,SSE,sse_etf_fundlist,2026-02-10
513280,SSE,sse_etf_fundlist,2026-02-10
513290,SSE,sse_etf_fundlist,2026-02-10
513300,SSE,sse_etf_fundlist,2026-02-10
513310,SSE,sse_etf_fundlist,2026-02-10
513320,SSE,sse_etf_fundlist,2026-02-10
513330,SSE,sse_etf_fundlist,2026-02-10
513350,SSE,sse_etf_fundlist,2026-02-10
513360,SSE,sse_etf_fundlist,2026-02-10
513380,SSE,sse_etf_fundlist,2026-02-10
513390,SSE,sse_etf_fundlist,2026-02-10
513400,SSE,sse_etf_fundlist,2026-02-10
513500,SSE,sse_etf_fundlist,2026-02-10
513520,SSE,sse_etf_fundlist,2026-02-10
513530,SSE,sse_etf_fundlist,2026-02-10
513550,SSE,sse_etf_fundlist,2026-02-10
513560,SSE,sse_etf_fundlist,2026-02-10
513580,SSE,sse_etf_fundlist,2026-02-10
513590,SSE,sse_etf_fundlist,2026-02-10
513600,SSE,sse_etf_fundlist,2026-02-10
513630,SSE,sse_etf_fundlist,2026-02-10
513650,SSE,sse_etf_fundlist,2026-02-10
513660,SSE,sse_etf_fundlist,2026-02-10
513690,SSE,sse_etf_fundlist,2026-02-10
513700,SSE,sse_etf_fundlist,2026-02-10
513720,SSE,sse_etf_fundlist,2026-02-10
513730,SSE,sse_etf_fundlist,2026-02-10
513750,SSE,sse_etf_fundlist,2026-02-10
513770,SSE,sse_etf_fundlist,2026-02-10
513780,SSE,sse_etf_fundlist,2026-02-10
513800,SSE,sse_etf_fundlist,2026-02-10
513810,SSE,sse_etf_fundlist,2026-02-10
513820,SSE,sse_etf_fundlist,2026-02-10
513830,SSE,sse_etf_fundlist,2026-02-10
513850,SSE,sse_etf_fundlist,2026-02-10
513860,SSE,sse_etf_fundlist,2026-02-10
513870,SSE,sse_etf_fundlist,2026-02-10
513880,SSE,sse_etf_fundlist,2026-02-10
513890,SSE,sse_etf_fundlist,2026-02-10
513900,SSE,sse_etf_fundlist,2026-02-10
513910,SSE,sse_etf_fundlist,2026-02-10
513920,SSE,sse_etf_fundlist,2026-02-10
513950,SSE,sse_etf_fundlist,2026-02-10
513970,SSE,sse_etf_fundlist,2026-02-10
513980,SSE,sse_etf_fundlist,2026-02-10
513990,SSE,sse_etf_fundlist,2026-02-10
515000,SSE,sse_etf_fundlist,2026-02-10
515010,SSE,sse_etf_fundlist,2026-02-10
515020,SSE,sse_etf_fundlist,2026-02-10
515030,SSE,sse_etf_fundlist,2026-02-10
515050,SSE,sse_etf_fundlist,2026-02-10
515060,SSE,sse_etf_fundlist,2026-02-10
515070,SSE,sse_etf_fundlist,2026-02-10
515080,SSE,sse_etf_fundlist,2026-02-10
515090,SSE,sse_etf_fundlist,2026-02-10
515100,SSE,sse_etf_fundlist,2026-02-10
515110,SSE,sse_etf_fundlist,2026-02-10
515120,SSE,sse_etf_fundlist,2026-02-10
515130,SSE,sse_etf_fundlist,2026-02-10
515150,SSE,sse_etf_fundlist,2026-02-10
515160,SSE,sse_etf_fundlist,2026-02-10
515170,SSE,sse_etf_fundlist,2026-02-10
515180,SSE,sse_etf_fundlist,2026-02-10
515190,SSE,sse_etf_fundlist,2026-02-10
515200,SSE,sse_etf_fundlist,2026-02-10
515210,SSE,sse_etf_fundlist,2026-02-10
515220,SSE,sse_etf_fundlist,2026-02-10
515230,SSE,sse_etf_fundlist,2026-02-10
515250,SSE,sse_etf_fundlist,2026-02-10
515260,SSE,sse_etf_fundlist,2026-02-10
515290,SSE,sse_etf_fundlist,2026-02-10
515300,SSE,sse_etf_fundlist,2026-02-10
515310,SSE,sse_etf_fundlist,2026-02-10
515320,SSE,sse_etf_fundlist,2026-02-10
515330,SSE,sse_etf_fundlist,2026-02-10
515350,SSE,sse_etf_fundlist,2026-02-10
515360,SSE,sse_etf_fundlist,2026-02-10
515370,SSE,sse_etf_fundlist,2026-02-10
515380,SSE,sse_etf_fundlist,2026-02-10
515390,SSE,sse_etf_fundlist,2026-02-10
515400,SSE,sse_etf_fundlist,2026-02-10
515450,SSE,sse_etf_fundlist,2026-02-10
515530,SSE,sse_etf_fundlist,2026-02-10
515550,SSE,sse_etf_fundlist,2026-02-10
515560,SSE,sse_etf_fundlist,2026-02-10
515580,SSE,sse_etf_fundlist,2026-02-10
515590,SSE,sse_etf_fundlist,2026-02-10
515600,SSE,sse_etf_fundlist,2026-02-10
515630,SSE,sse_etf_fundlist,2026-02-10
515650,SSE,sse_etf_fundlist,2026-02-10
515660,SSE,sse_etf_fundlist,2026-02-10
515680,SSE,sse_etf_fundlist,2026-02-10
515700,SSE,sse_etf_fundlist,2026-02-10
515710,SSE,sse_etf_fundlist,2026-02-10
515720,SSE,sse_etf_fundlist,2026-02-10
515730,SSE,sse_etf_fundlist,2026-02-10
515750,SSE,sse_etf_fundlist,2026-02-10
515760,SSE,sse_etf_fundlist,2026-02-10
515770,SSE,sse_etf_fundlist,2026-02-10
515790,SSE,sse_etf_fundlist,2026-02-10
515800,SSE,sse_etf_fundlist,2026-02-10
515810,SSE,sse_etf_fundlist,2026-02-10
515850,SSE,sse_etf_fundlist,2026-02-10
515860,SSE,sse_etf_fundlist,2026-02-10
515880,SSE,sse_etf_fundlist,2026-02-10
515890,SSE,sse_etf_fundlist,2026-02-10
515900,SSE,sse_etf_fundlist,2026-02-10
515910,SSE,sse_etf_fundlist,2026-02-10
515920,SSE,sse_etf_fundlist,2026-02-10
515950,SSE,sse_etf_fundlist,2026-02-10
515960,SSE,sse_etf_fundlist,2026-02-10
515980,SSE,sse_etf_fundlist,2026-02-10
515990,SSE,sse_etf_fundlist,2026-02-10
516000,SSE,sse_etf_fundlist,2026-02-10
516010,SSE,sse_etf_fundlist,2026-02-10
516020,SSE,sse_etf_fundlist,2026-02-10
516050,SSE,sse_etf_fundlist,2026-02-10
516060,SSE,sse_etf_fundlist,2026-02-10
516070,SSE,sse_etf_fundlist,2026-02-10
516080,SSE,sse_etf_fundlist,2026-02-10
516090,SSE,sse_etf_fundlist,2026-02-10
516100,SSE,sse_etf_fundlist,2026-02-10
516110,SSE,sse_etf_fundlist,2026-02-10
516120,SSE,sse_etf_fundlist,2026-02-10
516130,SSE,sse_etf_fundlist,2026-02-10
516150,SSE,sse_etf_fundlist,2026-02-10
516160,SSE,sse_etf_fundlist,2026-02-10
516180,SSE,sse_etf_fundlist,2026-02-10
516190,SSE,sse_etf_fundlist,2026-02-10
516200,SSE,sse_etf_fundlist,2026-02-10
516210,SSE,sse_etf_fundlist,2026-02-10
516220,SSE,sse_etf_fundlist,2026-02-10
516230,SSE,sse_etf_fundlist,2026-02-10
516250,SSE,sse_etf_fundlist,2026-02-10
516260,SSE,sse_etf_fundlist,2026-02-10
516270,SSE,sse_etf_fundlist,2026-02-10
516290,SSE,sse_etf_fundlist,2026-02-10
516300,SSE,sse_etf_fundlist,2026-02-10
516310,SSE,sse_etf_fundlist,2026-02-10
516320,SSE,sse_etf_fundlist,2026-02-10
516330,SSE,sse_etf_fundlist,2026-02-10
516350,SSE,sse_etf_fundlist,2026-02-10
516360,SSE,sse_etf_fundlist,2026-02-10
516380,SSE,sse_etf_fundlist,2026-02-10
516390,SSE,sse_etf_fundlist,2026-02-10
516460,SSE,sse_etf_fundlist,2026-02-10
516500,SSE,sse_etf_fundlist,2026-02-10
516510,SSE,sse_etf_fundlist,2026-02-10
516520,SSE,sse_etf_fundlist,2026-02-10
516530,SSE,sse_etf_fundlist,2026-02-10
516550,SSE,sse_etf_fundlist,2026-02-10
516560,SSE,sse_etf_fundlist,2026-02-10
516570,SSE,sse_etf_fundlist,2026-02-10
516580,SSE,sse_etf_fundlist,2026-02-10
516590,SSE,sse_etf_fundlist,2026-02-10
516600,SSE,sse_etf_fundlist,2026-02-10
516610,SSE,sse_etf_fundlist,2026-02-10
516620,SSE,sse_etf_fundlist,2026-02-10
516630,SSE,sse_etf_fundlist,2026-02-10
516640,SSE,sse_etf_fundlist,2026-02-10
516650,SSE,sse_etf_fundlist,2026-02-10
516660,SSE,sse_etf_fundlist,2026-02-10
516670,SSE,sse_etf_fundlist,2026-02-10
516700,SSE,sse_etf_fundlist,2026-02-10
516710,SSE,sse_etf_fundlist,2026-02-10
516720,SSE,sse_etf_fundlist,2026-02-10
516730,SSE,sse_etf_fundlist,2026-02-10
516750,SSE,sse_etf_fundlist,2026-02-10
516760,SSE,sse_etf_fundlist,2026-02-10
516770,SSE,sse_etf_fundlist,2026-02-10
516780,SSE,sse_etf_fundlist,2026-02-10
516790,SSE,sse_etf_fundlist,2026-02-10
516800,SSE,sse_etf_fundlist,2026-02-10
516810,SSE,sse_etf_fundlist,2026-02-10
516820,SSE,sse_etf_fundlist,2026-02-10
516830,SSE,sse_etf_fundlist,2026-02-10
516850,SSE,sse_etf_fundlist,2026-02-10
516860,SSE,sse_etf_fundlist,2026-02-10
516880,SSE,sse_etf_fundlist,2026-02-10
516890,SSE,sse_etf_fundlist,2026-02-10
516900,SSE,sse_etf_fundlist,2026-02-10
516910,SSE,sse_etf_fundlist,2026-02-10
516920,SSE,sse_etf_fundlist,2026-02-10
516930,SSE,sse_etf_fundlist,2026-02-10
516950,SSE,sse_etf_fundlist,2026-02-10
516960,SSE,sse_etf_fundlist,2026-02-10
516970,SSE,sse_etf_fundlist,2026-02-10
516980,SSE,sse_etf_fundlist,2026-02-10
517000,SSE,sse_etf_fundlist,2026-02-10
517010,SSE,sse_etf_fundlist,2026-02-10
517030,SSE,sse_etf_fundlist,2026-02-10
517050,SSE,sse_etf_fundlist,2026-02-10
517080,SSE,sse_etf_fundlist,2026-02-10
517090,SSE,sse_etf_fundlist,2026-02-10
517100,SSE,sse_etf_fundlist,2026-02-10
517110,SSE,sse_etf_fundlist,2026-02-10
517120,SSE,sse_etf_fundlist,2026-02-10
517160,SSE,sse_etf_fundlist,2026-02-10
517170,SSE,sse_etf_fundlist,2026-02-10
517180,SSE,sse_etf_fundlist,2026-02-10
517200,SSE,sse_etf_fundlist,2026-02-10
517300,SSE,sse_etf_fundlist,2026-02-10
517330,SSE,sse_etf_fundlist,2026-02-10
517350,SSE,sse_etf_fundlist,2026-02-10
517360,SSE,sse_etf_fundlist,2026-02-10
517380,SSE,sse_etf_fundlist,2026-02-10
517390,SSE,sse_etf_fundlist,2026-02-10
517400,SSE,sse_etf_fundlist,2026-02-10
517520,SSE,sse_etf_fundlist,2026-02-10
517550,SSE,sse_etf_fundlist,2026-02-10
517660,SSE,sse_etf_fundlist,2026-02-10
517770,SSE,sse_etf_fundlist,2026-02-10
517800,SSE,sse_etf_fundlist,2026-02-10
517850,SSE,sse_etf_fundlist,2026-02-10
517880,SSE,sse_etf_fundlist,2026-02-10
517900,SSE,sse_etf_fundlist,2026-02-10
517950,SSE,sse_etf_fundlist,2026-02-10
517990,SSE,sse_etf_fundlist,2026-02-10
518600,SSE,sse_etf_fundlist,2026-02-10
518660,SSE,sse_etf_fundlist,2026-02-10
518680,SSE,sse_etf_fundlist,2026-02-10
518800,SSE,sse_etf_fundlist,2026-02-10
518850,SSE,sse_etf_fundlist,2026-02-10
518860,SSE,sse_etf_fundlist,2026-02-10
518880,SSE,sse_etf_fundlist,2026-02-10
518890,SSE,sse_etf_fundlist,2026-02-10
520500,SSE,sse_etf_fundlist,2026-02-10
520510,SSE,sse_etf_fundlist,2026-02-10
520520,SSE,sse_etf_fundlist,2026-02-10
520530,SSE,sse_etf_fundlist,2026-02-10
520550,SSE,sse_etf_fundlist,2026-02-10
520560,SSE,sse_etf_fundlist,2026-02-10
520570,SSE,sse_etf_fundlist,2026-02-10
520580,SSE,sse_etf_fundlist,2026-02-10
520590,SSE,sse_etf_fundlist,2026-02-10
520600,SSE,sse_etf_fundlist,2026-02-10
520610,SSE,sse_etf_fundlist,2026-02-10
520620,SSE,sse_etf_fundlist,2026-02-10
520630,SSE,sse_etf_fundlist,2026-02-10
520650,SSE,sse_etf_fundlist,2026-02-10
520660,SSE,sse_etf_fundlist,2026-02-10
520670,SSE,sse_etf_fundlist,2026-02-10
520690,SSE,sse_etf_fundlist,2026-02-10
520700,SSE,sse_etf_fundlist,2026-02-10
520720,SSE,sse_etf_fundlist,2026-02-10
520770,SSE,sse_etf_fundlist,2026-02-10
520780,SSE,sse_etf_fundlist,2026-02-10
520810,SSE,sse_etf_fundlist,2026-02-10
520820,SSE,sse_etf_fundlist,2026-02-10
520830,SSE,sse_etf_fundlist,2026-02-10
520840,SSE,sse_etf_fundlist,2026-02-10
520850,SSE,sse_etf_fundlist,2026-02-10
520860,SSE,sse_etf_fundlist,2026-02-10
520870,SSE,sse_etf_fundlist,2026-02-10
520880,SSE,sse_etf_fundlist,2026-02-10
520890,SSE,sse_etf_fundlist,2026-02-10
520900,SSE,sse_etf_fundlist,2026-02-10
520910,SSE,sse_etf_fundlist,2026-02-10
520920,SSE,sse_etf_fundlist,2026-02-10
520940,SSE,sse_etf_fundlist,2026-02-10
520950,SSE,sse_etf_fundlist,2026-02-10
520960,SSE,sse_etf_fundlist,2026-02-10
520970,SSE,sse_etf_fundlist,2026-02-10
520980,SSE,sse_etf_fundlist,2026-02-10
520990,SSE,sse_etf_fundlist,2026-02-10
530000,SSE,sse_etf_fundlist,2026-02-10
530050,SSE,sse_etf_fundlist,2026-02-10
530060,SSE,sse_etf_fundlist,2026-02-10
530080,SSE,sse_etf_fundlist,2026-02-10
530100,SSE,sse_etf_fundlist,2026-02-10
530180,SSE,sse_etf_fundlist,2026-02-10
530280,SSE,sse_etf_fundlist,2026-02-10
530300,SSE,sse_etf_fundlist,2026-02-10
530380,SSE,sse_etf_fundlist,2026-02-10
530530,SSE,sse_etf_fundlist,2026-02-10
530580,SSE,sse_etf_fundlist,2026-02-10
530680,SSE,sse_etf_fundlist,2026-02-10
530800,SSE,sse_etf_fundlist,2026-02-10
530880,SSE,sse_etf_fundlist,2026-02-10
551000,SSE,sse_etf_fundlist,2026-02-10
551030,SSE,sse_etf_fundlist,2026-02-10
551060,SSE,sse_etf_fundlist,2026-02-10
551300,SSE,sse_etf_fundlist,2026-02-10
551500,SSE,sse_etf_fundlist,2026-02-10
551510,SSE,sse_etf_fundlist,2026-02-10
551520,SSE,sse_etf_fundlist,2026-02-10
551550,SSE,sse_etf_fundlist,2026-02-10
551560,SSE,sse_etf_fundlist,2026-02-10
551580,SSE,sse_etf_fundlist,2026-02-10
551800,SSE,sse_etf_fundlist,2026-02-10
551900,SSE,sse_etf_fundlist,2026-02-10
560000,SSE,sse_etf_fundlist,2026-02-10
560010,SSE,sse_etf_fundlist,2026-02-10
560020,SSE,sse_etf_fundlist,2026-02-10
560030,SSE,sse_etf_fundlist,2026-02-10
560050,SSE,sse_etf_fundlist,2026-02-10
560060,SSE,sse_etf_fundlist,2026-02-10
560070,SSE,sse_etf_fundlist,2026-02-10
560080,SSE,sse_etf_fundlist,2026-02-10
560090,SSE,sse_etf_fundlist,2026-02-10
560100,SSE,sse_etf_fundlist,2026-02-10
560110,SSE,sse_etf_fundlist,2026-02-10
560120,SSE,sse_etf_fundlist,2026-02-10
560130,SSE,sse_etf_fundlist,2026-02-10
560150,SSE,sse_etf_fundlist,2026-02-10
560160,SSE,sse_etf_fundlist,2026-02-10
560170,SSE,sse_etf_fundlist,2026-02-10
560180,SSE,sse_etf_fundlist,2026-02-10
560190,SSE,sse_etf_fundlist,2026-02-10
560220,SSE,sse_etf_fundlist,2026-02-10
560230,SSE,sse_etf_fundlist,2026-02-10
560260,SSE,sse_etf_fundlist,2026-02-10
560280,SSE,sse_etf_fundlist,2026-02-10
560290,SSE,sse_etf_fundlist,2026-02-10
560300,SSE,sse_etf_fundlist,2026-02-10
560330,SSE,sse_etf_fundlist,2026-02-10
560350,SSE,sse_etf_fundlist,2026-02-10
560360,SSE,sse_etf_fundlist,2026-02-10
560380,SSE,sse_etf_fundlist,2026-02-10
560500,SSE,sse_etf_fundlist,2026-02-10
560510,SSE,sse_etf_fundlist,2026-02-10
560520,SSE,sse_etf_fundlist,2026-02-10
560530,SSE,sse_etf_fundlist,2026-02-10
560550,SSE,sse_etf_fundlist,2026-02-10
560560,SSE,sse_etf_fundlist,2026-02-10
560570,SSE,sse_etf_fundlist,2026-02-10
560580,SSE,sse_etf_fundlist,2026-02-10
560590,SSE,sse_etf_fundlist,2026-02-10
560610,SSE,sse_etf_fundlist,2026-02-10
560620,SSE,sse_etf_fundlist,2026-02-10
560630,SSE,sse_etf_fundlist,2026-02-10
560650,SSE,sse_etf_fundlist,2026-02-10
560660,SSE,sse_etf_fundlist,2026-02-10
560680,SSE,sse_etf_fundlist,2026-02-10
560690,SSE,sse_etf_fundlist,2026-02-10
560700,SSE,sse_etf_fundlist,2026-02-10
560710,SSE,sse_etf_fundlist,2026-02-10
560750,SSE,sse_etf_fundlist,2026-02-10
560770,SSE,sse_etf_fundlist,2026-02-10
560780,SSE,sse_etf_fundlist,2026-02-10
560800,SSE,sse_etf_fundlist,2026-02-10
560810,SSE,sse_etf_fundlist,2026-02-10
560820,SSE,sse_etf_fundlist,2026-02-10
560850,SSE,sse_etf_fundlist,2026-02-10
560860,SSE,sse_etf_fundlist,2026-02-10
560880,SSE,sse_etf_fundlist,2026-02-10
560890,SSE,sse_etf_fundlist,2026-02-10
560900,SSE,sse_etf_fundlist,2026-02-10
560950,SSE,sse_etf_fundlist,2026-02-10
560980,SSE,sse_etf_fundlist,2026-02-10
560990,SSE,sse_etf_fundlist,2026-02-10
561000,SSE,sse_etf_fundlist,2026-02-10
561010,SSE,sse_etf_fundlist,2026-02-10
561060,SSE,sse_etf_fundlist,2026-02-10
561080,SSE,sse_etf_fundlist,2026-02-10
561090,SSE,sse_etf_fundlist,2026-02-10
561100,SSE,sse_etf_fundlist,2026-02-10
561120,SSE,sse_etf_fundlist,2026-02-10
561130,SSE,sse_etf_fundlist,2026-02-10
561160,SSE,sse_etf_fundlist,2026-02-10
561170,SSE,sse_etf_fundlist,2026-02-10
561180,SSE,sse_etf_fundlist,2026-02-10
561190,SSE,sse_etf_fundlist,2026-02-10
561200,SSE,sse_etf_fundlist,2026-02-10
561220,SSE,sse_etf_fundlist,2026-02-10
561230,SSE,sse_etf_fundlist,2026-02-10
561260,SSE,sse_etf_fundlist,2026-02-10
561280,SSE,sse_etf_fundlist,2026-02-10
561300,SSE,sse_etf_fundlist,2026-02-10
561310,SSE,sse_etf_fundlist,2026-02-10
561320,SSE,sse_etf_fundlist,2026-02-10
561330,SSE,sse_etf_fundlist,2026-02-10
561350,SSE,sse_etf_fundlist,2026-02-10
561360,SSE,sse_etf_fundlist,2026-02-10
561370,SSE,sse_etf_fundlist,2026-02-10
561380,SSE,sse_etf_fundlist,2026-02-10
561500,SSE,sse_etf_fundlist,2026-02-10
561510,SSE,sse_etf_fundlist,2026-02-10
561550,SSE,sse_etf_fundlist,2026-02-10
561560,SSE,sse_etf_fundlist,2026-02-10
561570,SSE,sse_etf_fundlist,2026-02-10
561580,SSE,sse_etf_fundlist,2026-02-10
561590,SSE,sse_etf_fundlist,2026-02-10
561600,SSE,sse_etf_fundlist,2026-02-10
561660,SSE,sse_etf_fundlist,2026-02-10
561680,SSE,sse_etf_fundlist,2026-02-10
561700,SSE,sse_etf_fundlist,2026-02-10
561750,SSE,sse_etf_fundlist,2026-02-10
561760,SSE,sse_etf_fundlist,2026-02-10
561770,SSE,sse_etf_fundlist,2026-02-10
561780,SSE,sse_etf_fundlist,2026-02-10
561790,SSE,sse_etf_fundlist,2026-02-10
561800,SSE,sse_etf_fundlist,2026-02-10
561870,SSE,sse_etf_fundlist,2026-02-10
561880,SSE,sse_etf_fundlist,2026-02-10
561900,SSE,sse_etf_fundlist,2026-02-10
561910,SSE,sse_etf_fundlist,2026-02-10
561920,SSE,sse_etf_fundlist,2026-02-10
561930,SSE,sse_etf_fundlist,2026-02-10
561950,SSE,sse_etf_fundlist,2026-02-10
561960,SSE,sse_etf_fundlist,2026-02-10
561980,SSE,sse_etf_fundlist,2026-02-10
561990,SSE,sse_etf_fundlist,2026-02-10
562000,SSE,sse_etf_fundlist,2026-02-10
562010,SSE,sse_etf_fundlist,2026-02-10
562030,SSE,sse_etf_fundlist,2026-02-10
562050,SSE,sse_etf_fundlist,2026-02-10
562060,SSE,sse_etf_fundlist,2026-02-10
562070,SSE,sse_etf_fundlist,2026-02-10
562080,SSE,sse_etf_fundlist,2026-02-10
562300,SSE,sse_etf_fundlist,2026-02-10
562310,SSE,sse_etf_fundlist,2026-02-10
562320,SSE,sse_etf_fundlist,2026-02-10
562330,SSE,sse_etf_fundlist,2026-02-10
562340,SSE,sse_etf_fundlist,2026-02-10
562350,SSE,sse_etf_fundlist,2026-02-10
562360,SSE,sse_etf_fundlist,2026-02-10
562380,SSE,sse_etf_fundlist,2026-02-10
562390,SSE,sse_etf_fundlist,2026-02-10
562500,SSE,sse_etf_fundlist,2026-02-10
562510,SSE,sse_etf_fundlist,2026-02-10
562520,SSE,sse_etf_fundlist,2026-02-10
562530,SSE,sse_etf_fundlist,2026-02-10
562550,SSE,sse_etf_fundlist,2026-02-10
562560,SSE,sse_etf_fundlist,2026-02-10
562570,SSE,sse_etf_fundlist,2026-02-10
562580,SSE,sse_etf_fundlist,2026-02-10
562590,SSE,sse_etf_fundlist,2026-02-10
562600,SSE,sse_etf_fundlist,2026-02-10
562660,SSE,sse_etf_fundlist,2026-02-10
562700,SSE,sse_etf_fundlist,2026-02-10
562800,SSE,sse_etf_fundlist,2026-02-10
562810,SSE,sse_etf_fundlist,2026-02-10
562820,SSE,sse_etf_fundlist,2026-02-10
562850,SSE,sse_etf_fundlist,2026-02-10
562860,SSE,sse_etf_fundlist,2026-02-10
562870,SSE,sse_etf_fundlist,2026-02-10
562880,SSE,sse_etf_fundlist,2026-02-10
562890,SSE,sse_etf_fundlist,2026-02-10
562900,SSE,sse_etf_fundlist,2026-02-10
562910,SSE,sse_etf_fundlist,2026-02-10
562920,SSE,sse_etf_fundlist,2026-02-10
562930,SSE,sse_etf_fundlist,2026-02-10
562950,SSE,sse_etf_fundlist,2026-02-10
562960,SSE,sse_etf_fundlist,2026-02-10
562970,SSE,sse_etf_fundlist,2026-02-10
562990,SSE,sse_etf_fundlist,2026-02-10
563000,SSE,sse_etf_fundlist,2026-02-10
563010,SSE,sse_etf_fundlist,2026-02-10
563020,SSE,sse_etf_fundlist,2026-02-10
563030,SSE,sse_etf_fundlist,2026-02-10
563050,SSE,sse_etf_fundlist,2026-02-10
563060,SSE,sse_etf_fundlist,2026-02-10
563080,SSE,sse_etf_fundlist,2026-02-10
563090,SSE,sse_etf_fundlist,2026-02-10
563150,SSE,sse_etf_fundlist,2026-02-10
563180,SSE,sse_etf_fundlist,2026-02-10
563200,SSE,sse_etf_fundlist,2026-02-10
563210,SSE,sse_etf_fundlist,2026-02-10
563220,SSE,sse_etf_fundlist,2026-02-10
563230,SSE,sse_etf_fundlist,2026-02-10
563280,SSE,sse_etf_fundlist,2026-02-10
563300,SSE,sse_etf_fundlist,2026-02-10
563320,SSE,sse_etf_fundlist,2026-02-10
563330,SSE,sse_etf_fundlist,2026-02-10
563350,SSE,sse_etf_fundlist,2026-02-10
563360,SSE,sse_etf_fundlist,2026-02-10
563380,SSE,sse_etf_fundlist,2026-02-10
563390,SSE,sse_etf_fundlist,2026-02-10
563500,SSE,sse_etf_fundlist,2026-02-10
563510,SSE,sse_etf_fundlist,2026-02-10
563520,SSE,sse_etf_fundlist,2026-02-10
563530,SSE,sse_etf_fundlist,2026-02-10
563550,SSE,sse_etf_fundlist,2026-02-10
563570,SSE,sse_etf_fundlist,2026-02-10
563580,SSE,sse_etf_fundlist,2026-02-10
563590,SSE,sse_etf_fundlist,2026-02-10
563600,SSE,sse_etf_fundlist,2026-02-10
563620,SSE,sse_etf_fundlist,2026-02-10
563630,SSE,sse_etf_fundlist,2026-02-10
563650,SSE,sse_etf_fundlist,2026-02-10
563660,SSE,sse_etf_fundlist,2026-02-10
563670,SSE,sse_etf_fundlist,2026-02-10
563680,SSE,sse_etf_fundlist,2026-02-10
563690,SSE,sse_etf_fundlist,2026-02-10
563700,SSE,sse_etf_fundlist,2026-02-10
563750,SSE,sse_etf_fundlist,2026-02-10
563760,SSE,sse_etf_fundlist,2026-02-10
563770,SSE,sse_etf_fundlist,2026-02-10
563780,SSE,sse_etf_fundlist,2026-02-10
563790,SSE,sse_etf_fundlist,2026-02-10
563800,SSE,sse_etf_fundlist,2026-02-10
563830,SSE,sse_etf_fundlist,2026-02-10
563850,SSE,sse_etf_fundlist,2026-02-10
563860,SSE,sse_etf_fundlist,2026-02-10
563870,SSE,sse_etf_fundlist,2026-02-10
563880,SSE,sse_etf_fundlist,2026-02-10
563890,SSE,sse_etf_fundlist,2026-02-10
563900,SSE,sse_etf_fundlist,2026-02-10
563930,SSE,sse_etf_fundlist,2026-02-10
563960,SSE,sse_etf_fundlist,2026-02-10
563980,SSE,sse_etf_fundlist,2026-02-10
563990,SSE,sse_etf_fundlist,2026-02-10
588000,SSE,sse_etf_fundlist,2026-02-10
588010,SSE,sse_etf_fundlist,2026-02-10
588020,SSE,sse_etf_fundlist,2026-02-10
588030,SSE,sse_etf_fundlist,2026-02-10
588040,SSE,sse_etf_fundlist,2026-02-10
588050,SSE,sse_etf_fundlist,2026-02-10
588060,SSE,sse_etf_fundlist,2026-02-10
588070,SSE,sse_etf_fundlist,2026-02-10
588080,SSE,sse_etf_fundlist,2026-02-10
588090,SSE,sse_etf_fundlist,2026-02-10
588100,SSE,sse_etf_fundlist,2026-02-10
588110,SSE,sse_etf_fundlist,2026-02-10
588120,SSE,sse_etf_fundlist,2026-02-10
588130,SSE,sse_etf_fundlist,2026-02-10
588140,SSE,sse_etf_fundlist,2026-02-10
588150,SSE,sse_etf_fundlist,2026-02-10
588160,SSE,sse_etf_fundlist,2026-02-10
588170,SSE,sse_etf_fundlist,2026-02-10
588180,SSE,sse_etf_fundlist,2026-02-10
588190,SSE,sse_etf_fundlist,2026-02-10
588200,SSE,sse_etf_fundlist,2026-02-10
588210,SSE,sse_etf_fundlist,2026-02-10
588220,SSE,sse_etf_fundlist,2026-02-10
588230,SSE,sse_etf_fundlist,2026-02-10
588240,SSE,sse_etf_fundlist,2026-02-10
588250,SSE,sse_etf_fundlist,2026-02-10
588260,SSE,sse_etf_fundlist,2026-02-10
588270,SSE,sse_etf_fundlist,2026-02-10
588280,SSE,sse_etf_fundlist,2026-02-10
588290,SSE,sse_etf_fundlist,2026-02-10
588300,SSE,sse_etf_fundlist,2026-02-10
588310,SSE,sse_etf_fundlist,2026-02-10
588320,SSE,sse_etf_fundlist,2026-02-10
588330,SSE,sse_etf_fundlist,2026-02-10
588350,SSE,sse_etf_fundlist,2026-02-10
588360,SSE,sse_etf_fundlist,2026-02-10
588370,SSE,sse_etf_fundlist,2026-02-10
588380,SSE,sse_etf_fundlist,2026-02-10
588390,SSE,sse_etf_fundlist,2026-02-10
588400,SSE,sse_etf_fundlist,2026-02-10
588410,SSE,sse_etf_fundlist,2026-02-10
588420,SSE,sse_etf_fundlist,2026-02-10
588430,SSE,sse_etf_fundlist,2026-02-10
588450,SSE,sse_etf_fundlist,2026-02-10
588460,SSE,sse_etf_fundlist,2026-02-10
588500,SSE,sse_etf_fundlist,2026-02-10
588520,SSE,sse_etf_fundlist,2026-02-10
588550,SSE,sse_etf_fundlist,2026-02-10
588660,SSE,sse_etf_fundlist,2026-02-10
588670,SSE,sse_etf_fundlist,2026-02-10
588680,SSE,sse_etf_fundlist,2026-02-10
588690,SSE,sse_etf_fundlist,2026-02-10
588700,SSE,sse_etf_fundlist,2026-02-10
588710,SSE,sse_etf_fundlist,2026-02-10
588720,SSE,sse_etf_fundlist,2026-02-10
588730,SSE,sse_etf_fundlist,2026-02-10
588750,SSE,sse_etf_fundlist,2026-02-10
588760,SSE,sse_etf_fundlist,2026-02-10
588770,SSE,sse_etf_fundlist,2026-02-10
588780,SSE,sse_etf_fundlist,2026-02-10
588790,SSE,sse_etf_fundlist,2026-02-10
588800,SSE,sse_etf_fundlist,2026-02-10
588810,SSE,sse_etf_fundlist,2026-02-10
588820,SSE,sse_etf_fundlist,2026-02-10
588830,SSE,sse_etf_fundlist,2026-02-10
588840,SSE,sse_etf_fundlist,2026-02-10
588850,SSE,sse_etf_fundlist,2026-02-10
588860,SSE,sse_etf_fundlist,2026-02-10
588870,SSE,sse_etf_fundlist,2026-02-10
588880,SSE,sse_etf_fundlist,2026-02-10
588890,SSE,sse_etf_fundlist,2026-02-10
588900,SSE,sse_etf_fundlist,2026-02-10
588910,SSE,sse_etf_fundlist,2026-02-10
588920,SSE,sse_etf_fundlist,2026-02-10
588930,SSE,sse_etf_fundlist,2026-02-10
588940,SSE,sse_etf_fundlist,2026-02-10
588950,SSE,sse_etf_fundlist,2026-02-10
588960,SSE,sse_etf_fundlist,2026-02-10
588980,SSE,sse_etf_fundlist,2026-02-10
588990,SSE,sse_etf_fundlist,2026-02-10
589000,SSE,sse_etf_fundlist,2026-02-10
589010,SSE,sse_etf_fundlist,2026-02-10
589020,SSE,sse_etf_fundlist,2026-02-10
589030,SSE,sse_etf_fundlist,2026-02-10
589050,SSE,sse_etf_fundlist,2026-02-10
589060,SSE,sse_etf_fundlist,2026-02-10
589070,SSE,sse_etf_fundlist,2026-02-10
589080,SSE,sse_etf_fundlist,2026-02-10
589090,SSE,sse_etf_fundlist,2026-02-10
589100,SSE,sse_etf_fundlist,2026-02-10
589110,SSE,sse_etf_fundlist,2026-02-10
589120,SSE,sse_etf_fundlist,2026-02-10
589130,SSE,sse_etf_fundlist,2026-02-10
589150,SSE,sse_etf_fundlist,2026-02-10
589160,SSE,sse_etf_fundlist,2026-02-10
589170,SSE,sse_etf_fundlist,2026-02-10
589180,SSE,sse_etf_fundlist,2026-02-10
589190,SSE,sse_etf_fundlist,2026-02-10
589200,SSE,sse_etf_fundlist,2026-02-10
589210,SSE,sse_etf_fundlist,2026-02-10
589220,SSE,sse_etf_fundlist,2026-02-10
589230,SSE,sse_etf_fundlist,2026-02-10
589300,SSE,sse_etf_fundlist,2026-02-10
589380,SSE,sse_etf_fundlist,2026-02-10
589500,SSE,sse_etf_fundlist,2026-02-10
589520,SSE,sse_etf_fundlist,2026-02-10
589550,SSE,sse_etf_fundlist,2026-02-10
589560,SSE,sse_etf_fundlist,2026-02-10
589580,SSE,sse_etf_fundlist,2026-02-10
589600,SSE,sse_etf_fundlist,2026-02-10
589630,SSE,sse_etf_fundlist,2026-02-10
589660,SSE,sse_etf_fundlist,2026-02-10
589680,SSE,sse_etf_fundlist,2026-02-10
589700,SSE,sse_etf_fundlist,2026-02-10
589720,SSE,sse_etf_fundlist,2026-02-10
589770,SSE,sse_etf_fundlist,2026-02-10
589780,SSE,sse_etf_fundlist,2026-02-10
589800,SSE,sse_etf_fundlist,2026-02-10
589820,SSE,sse_etf_fundlist,2026-02-10
589850,SSE,sse_etf_fundlist,2026-02-10
589860,SSE,sse_etf_fundlist,2026-02-10
589880,SSE,sse_etf_fundlist,2026-02-10
589890,SSE,sse_etf_fundlist,2026-02-10
589900,SSE,sse_etf_fundlist,2026-02-10
589950,SSE,sse_etf_fundlist,2026-02-10
589960,SSE,sse_etf_fundlist,2026-02-10
589980,SSE,sse_etf_fundlist,2026-02-10
589990,SSE,sse_etf_fundlist,2026-02-10
159001,SZSE,szse_etf_list_catalog_1945,2026-02-10
159003,SZSE,szse_etf_list_catalog_1945,2026-02-10
159005,SZSE,szse_etf_list_catalog_1945,2026-02-10
159100,SZSE,szse_etf_list_catalog_1945,2026-02-10
159101,SZSE,szse_etf_list_catalog_1945,2026-02-10
159102,SZSE,szse_etf_list_catalog_1945,2026-02-10
159103,SZSE,szse_etf_list_catalog_1945,2026-02-10
159105,SZSE,szse_etf_list_catalog_1945,2026-02-10
159106,SZSE,szse_etf_list_catalog_1945,2026-02-10
159107,SZSE,szse_etf_list_catalog_1945,2026-02-10
159108,SZSE,szse_etf_list_catalog_1945,2026-02-10
159109,SZSE,szse_etf_list_catalog_1945,2026-02-10
159110,SZSE,szse_etf_list_catalog_1945,2026-02-10
159111,SZSE,szse_etf_list_catalog_1945,2026-02-10
159112,SZSE,szse_etf_list_catalog_1945,2026-02-10
159113,SZSE,szse_etf_list_catalog_1945,2026-02-10
159115,SZSE,szse_etf_list_catalog_1945,2026-02-10
159116,SZSE,szse_etf_list_catalog_1945,2026-02-10
159117,SZSE,szse_etf_list_catalog_1945,2026-02-10
159118,SZSE,szse_etf_list_catalog_1945,2026-02-10
159119,SZSE,szse_etf_list_catalog_1945,2026-02-10
159120,SZSE,szse_etf_list_catalog_1945,2026-02-10
159121,SZSE,szse_etf_list_catalog_1945,2026-02-10
159122,SZSE,szse_etf_list_catalog_1945,2026-02-10
159123,SZSE,szse_etf_list_catalog_1945,2026-02-10
159125,SZSE,szse_etf_list_catalog_1945,2026-02-10
159126,SZSE,szse_etf_list_catalog_1945,2026-02-10
159127,SZSE,szse_etf_list_catalog_1945,2026-02-10
159128,SZSE,szse_etf_list_catalog_1945,2026-02-10
159129,SZSE,szse_etf_list_catalog_1945,2026-02-10
159130,SZSE,szse_etf_list_catalog_1945,2026-02-10
159131,SZSE,szse_etf_list_catalog_1945,2026-02-10
159132,SZSE,szse_etf_list_catalog_1945,2026-02-10
159133,SZSE,szse_etf_list_catalog_1945,2026-02-10
159136,SZSE,szse_etf_list_catalog_1945,2026-02-10
159137,SZSE,szse_etf_list_catalog_1945,2026-02-10
159138,SZSE,szse_etf_list_catalog_1945,2026-02-10
159139,SZSE,szse_etf_list_catalog_1945,2026-02-10
159140,SZSE,szse_etf_list_catalog_1945,2026-02-10
159141,SZSE,szse_etf_list_catalog_1945,2026-02-10
159142,SZSE,szse_etf_list_catalog_1945,2026-02-10
159143,SZSE,szse_etf_list_catalog_1945,2026-02-10
159145,SZSE,szse_etf_list_catalog_1945,2026-02-10
159146,SZSE,szse_etf_list_catalog_1945,2026-02-10
159147,SZSE,szse_etf_list_catalog_1945,2026-02-10
159149,SZSE,szse_etf_list_catalog_1945,2026-02-10
159150,SZSE,szse_etf_list_catalog_1945,2026-02-10
159151,SZSE,szse_etf_list_catalog_1945,2026-02-10
159152,SZSE,szse_etf_list_catalog_1945,2026-02-10
159153,SZSE,szse_etf_list_catalog_1945,2026-02-10
159155,SZSE,szse_etf_list_catalog_1945,2026-02-10
159157,SZSE,szse_etf_list_catalog_1945,2026-02-10
159158,SZSE,szse_etf_list_catalog_1945,2026-02-10
159162,SZSE,szse_etf_list_catalog_1945,2026-02-10
159163,SZSE,szse_etf_list_catalog_1945,2026-02-10
159200,SZSE,szse_etf_list_catalog_1945,2026-02-10
159201,SZSE,szse_etf_list_catalog_1945,2026-02-10
159202,SZSE,szse_etf_list_catalog_1945,2026-02-10
159203,SZSE,szse_etf_list_catalog_1945,2026-02-10
159205,SZSE,szse_etf_list_catalog_1945,2026-02-10
159206,SZSE,szse_etf_list_catalog_1945,2026-02-10
159207,SZSE,szse_etf_list_catalog_1945,2026-02-10
159208,SZSE,szse_etf_list_catalog_1945,2026-02-10
159209,SZSE,szse_etf_list_catalog_1945,2026-02-10
159210,SZSE,szse_etf_list_catalog_1945,2026-02-10
159211,SZSE,szse_etf_list_catalog_1945,2026-02-10
159212,SZSE,szse_etf_list_catalog_1945,2026-02-10
159213,SZSE,szse_etf_list_catalog_1945,2026-02-10
159215,SZSE,szse_etf_list_catalog_1945,2026-02-10
159216,SZSE,szse_etf_list_catalog_1945,2026-02-10
159217,SZSE,szse_etf_list_catalog_1945,2026-02-10
159218,SZSE,szse_etf_list_catalog_1945,2026-02-10
159219,SZSE,szse_etf_list_catalog_1945,2026-02-10
159220,SZSE,szse_etf_list_catalog_1945,2026-02-10
159221,SZSE,szse_etf_list_catalog_1945,2026-02-10
159222,SZSE,szse_etf_list_catalog_1945,2026-02-10
159223,SZSE,szse_etf_list_catalog_1945,2026-02-10
159225,SZSE,szse_etf_list_catalog_1945,2026-02-10
159226,SZSE,szse_etf_list_catalog_1945,2026-02-10
159227,SZSE,szse_etf_list_catalog_1945,2026-02-10
159228,SZSE,szse_etf_list_catalog_1945,2026-02-10
159229,SZSE,szse_etf_list_catalog_1945,2026-02-10
159230,SZSE,szse_etf_list_catalog_1945,2026-02-10
159231,SZSE,szse_etf_list_catalog_1945,2026-02-10
159232,SZSE,szse_etf_list_catalog_1945,2026-02-10
159233,SZSE,szse_etf_list_catalog_1945,2026-02-10
159235,SZSE,szse_etf_list_catalog_1945,2026-02-10
159236,SZSE,szse_etf_list_catalog_1945,2026-02-10
159237,SZSE,szse_etf_list_catalog_1945,2026-02-10
159238,SZSE,szse_etf_list_catalog_1945,2026-02-10
159239,SZSE,szse_etf_list_catalog_1945,2026-02-10
159240,SZSE,szse_etf_list_catalog_1945,2026-02-10
159241,SZSE,szse_etf_list_catalog_1945,2026-02-10
159242,SZSE,szse_etf_list_catalog_1945,2026-02-10
159243,SZSE,szse_etf_list_catalog_1945,2026-02-10
159245,SZSE,szse_etf_list_catalog_1945,2026-02-10
159246,SZSE,szse_etf_list_catalog_1945,2026-02-10
159247,SZSE,szse_etf_list_catalog_1945,2026-02-10
159248,SZSE,szse_etf_list_catalog_1945,2026-02-10
159249,SZSE,szse_etf_list_catalog_1945,2026-02-10
159251,SZSE,szse_etf_list_catalog_1945,2026-02-10
159253,SZSE,szse_etf_list_catalog_1945,2026-02-10
159255,SZSE,szse_etf_list_catalog_1945,2026-02-10
159256,SZSE,szse_etf_list_catalog_1945,2026-02-10
159257,SZSE,szse_etf_list_catalog_1945,2026-02-10
159258,SZSE,szse_etf_list_catalog_1945,2026-02-10
159259,SZSE,szse_etf_list_catalog_1945,2026-02-10
159260,SZSE,szse_etf_list_catalog_1945,2026-02-10
159261,SZSE,szse_etf_list_catalog_1945,2026-02-10
159262,SZSE,szse_etf_list_catalog_1945,2026-02-10
159263,SZSE,szse_etf_list_catalog_1945,2026-02-10
159265,SZSE,szse_etf_list_catalog_1945,2026-02-10
159266,SZSE,szse_etf_list_catalog_1945,2026-02-10
159267,SZSE,szse_etf_list_catalog_1945,2026-02-10
159268,SZSE,szse_etf_list_catalog_1945,2026-02-10
159269,SZSE,szse_etf_list_catalog_1945,2026-02-10
159270,SZSE,szse_etf_list_catalog_1945,2026-02-10
159271,SZSE,szse_etf_list_catalog_1945,2026-02-10
159272,SZSE,szse_etf_list_catalog_1945,2026-02-10
159273,SZSE,szse_etf_list_catalog_1945,2026-02-10
159275,SZSE,szse_etf_list_catalog_1945,2026-02-10
159276,SZSE,szse_etf_list_catalog_1945,2026-02-10
159277,SZSE,szse_etf_list_catalog_1945,2026-02-10
159278,SZSE,szse_etf_list_catalog_1945,2026-02-10
159279,SZSE,szse_etf_list_catalog_1945,2026-02-10
159280,SZSE,szse_etf_list_catalog_1945,2026-02-10
159281,SZSE,szse_etf_list_catalog_1945,2026-02-10
159283,SZSE,szse_etf_list_catalog_1945,2026-02-10
159285,SZSE,szse_etf_list_catalog_1945,2026-02-10
159286,SZSE,szse_etf_list_catalog_1945,2026-02-10
159287,SZSE,szse_etf_list_catalog_1945,2026-02-10
159288,SZSE,szse_etf_list_catalog_1945,2026-02-10
159289,SZSE,szse_etf_list_catalog_1945,2026-02-10
159290,SZSE,szse_etf_list_catalog_1945,2026-02-10
159291,SZSE,szse_etf_list_catalog_1945,2026-02-10
159292,SZSE,szse_etf_list_catalog_1945,2026-02-10
159293,SZSE,szse_etf_list_catalog_1945,2026-02-10
159295,SZSE,szse_etf_list_catalog_1945,2026-02-10
159296,SZSE,szse_etf_list_catalog_1945,2026-02-10
159297,SZSE,szse_etf_list_catalog_1945,2026-02-10
159298,SZSE,szse_etf_list_catalog_1945,2026-02-10
159299,SZSE,szse_etf_list_catalog_1945,2026-02-10
159300,SZSE,szse_etf_list_catalog_1945,2026-02-10
159301,SZSE,szse_etf_list_catalog_1945,2026-02-10
159302,SZSE,szse_etf_list_catalog_1945,2026-02-10
159303,SZSE,szse_etf_list_catalog_1945,2026-02-10
159305,SZSE,szse_etf_list_catalog_1945,2026-02-10
159306,SZSE,szse_etf_list_catalog_1945,2026-02-10
159307,SZSE,szse_etf_list_catalog_1945,2026-02-10
159309,SZSE,szse_etf_list_catalog_1945,2026-02-10
159310,SZSE,szse_etf_list_catalog_1945,2026-02-10
159311,SZSE,szse_etf_list_catalog_1945,2026-02-10
159312,SZSE,szse_etf_list_catalog_1945,2026-02-10
159315,SZSE,szse_etf_list_catalog_1945,2026-02-10
159316,SZSE,szse_etf_list_catalog_1945,2026-02-10
159318,SZSE,szse_etf_list_catalog_1945,2026-02-10
159320,SZSE,szse_etf_list_catalog_1945,2026-02-10
159321,SZSE,szse_etf_list_catalog_1945,2026-02-10
159322,SZSE,szse_etf_list_catalog_1945,2026-02-10
159323,SZSE,szse_etf_list_catalog_1945,2026-02-10
159325,SZSE,szse_etf_list_catalog_1945,2026-02-10
159326,SZSE,szse_etf_list_catalog_1945,2026-02-10
159327,SZSE,szse_etf_list_catalog_1945,2026-02-10
159328,SZSE,szse_etf_list_catalog_1945,2026-02-10
159329,SZSE,szse_etf_list_catalog_1945,2026-02-10
159330,SZSE,szse_etf_list_catalog_1945,2026-02-10
159331,SZSE,szse_etf_list_catalog_1945,2026-02-10
159332,SZSE,szse_etf_list_catalog_1945,2026-02-10
159333,SZSE,szse_etf_list_catalog_1945,2026-02-10
159335,SZSE,szse_etf_list_catalog_1945,2026-02-10
159336,SZSE,szse_etf_list_catalog_1945,2026-02-10
159337,SZSE,szse_etf_list_catalog_1945,2026-02-10
159338,SZSE,szse_etf_list_catalog_1945,2026-02-10
159339,SZSE,szse_etf_list_catalog_1945,2026-02-10
159350,SZSE,szse_etf_list_catalog_1945,2026-02-10
159351,SZSE,szse_etf_list_catalog_1945,2026-02-10
159352,SZSE,szse_etf_list_catalog_1945,2026-02-10
159353,SZSE,szse_etf_list_catalog_1945,2026-02-10
159355,SZSE,szse_etf_list_catalog_1945,2026-02-10
159356,SZSE,szse_etf_list_catalog_1945,2026-02-10
159357,SZSE,szse_etf_list_catalog_1945,2026-02-10
159358,SZSE,szse_etf_list_catalog_1945,2026-02-10
159359,SZSE,szse_etf_list_catalog_1945,2026-02-10
159360,SZSE,szse_etf_list_catalog_1945,2026-02-10
159361,SZSE,szse_etf_list_catalog_1945,2026-02-10
159362,SZSE,szse_etf_list_catalog_1945,2026-02-10
159363,SZSE,szse_etf_list_catalog_1945,2026-02-10
159365,SZSE,szse_etf_list_catalog_1945,2026-02-10
159366,SZSE,szse_etf_list_catalog_1945,2026-02-10
159367,SZSE,szse_etf_list_catalog_1945,2026-02-10
159368,SZSE,szse_etf_list_catalog_1945,2026-02-10
159369,SZSE,szse_etf_list_catalog_1945,2026-02-10
159370,SZSE,szse_etf_list_catalog_1945,2026-02-10
159371,SZSE,szse_etf_list_catalog_1945,2026-02-10
159372,SZSE,szse_etf_list_catalog_1945,2026-02-10
159373,SZSE,szse_etf_list_catalog_1945,2026-02-10
159375,SZSE,szse_etf_list_catalog_1945,2026-02-10
159376,SZSE,szse_etf_list_catalog_1945,2026-02-10
159377,SZSE,szse_etf_list_catalog_1945,2026-02-10
159378,SZSE,szse_etf_list_catalog_1945,2026-02-10
159379,SZSE,szse_etf_list_catalog_1945,2026-02-10
159380,SZSE,szse_etf_list_catalog_1945,2026-02-10
159381,SZSE,szse_etf_list_catalog_1945,2026-02-10
159382,SZSE,szse_etf_list_catalog_1945,2026-02-10
159383,SZSE,szse_etf_list_catalog_1945,2026-02-10
159385,SZSE,szse_etf_list_catalog_1945,2026-02-10
159386,SZSE,szse_etf_list_catalog_1945,2026-02-10
159387,SZSE,szse_etf_list_catalog_1945,2026-02-10
159388,SZSE,szse_etf_list_catalog_1945,2026-02-10
159389,SZSE,szse_etf_list_catalog_1945,2026-02-10
159390,SZSE,szse_etf_list_catalog_1945,2026-02-10
159391,SZSE,szse_etf_list_catalog_1945,2026-02-10
159392,SZSE,szse_etf_list_catalog_1945,2026-02-10
159393,SZSE,szse_etf_list_catalog_1945,2026-02-10
159395,SZSE,szse_etf_list_catalog_1945,2026-02-10
159396,SZSE,szse_etf_list_catalog_1945,2026-02-10
159397,SZSE,szse_etf_list_catalog_1945,2026-02-10
159398,SZSE,szse_etf_list_catalog_1945,2026-02-10
159399,SZSE,szse_etf_list_catalog_1945,2026-02-10
159400,SZSE,szse_etf_list_catalog_1945,2026-02-10
159500,SZSE,szse_etf_list_catalog_1945,2026-02-10
159501,SZSE,szse_etf_list_catalog_1945,2026-02-10
159502,SZSE,szse_etf_list_catalog_1945,2026-02-10
159505,SZSE,szse_etf_list_catalog_1945,2026-02-10
159506,SZSE,szse_etf_list_catalog_1945,2026-02-10
159507,SZSE,szse_etf_list_catalog_1945,2026-02-10
159508,SZSE,szse_etf_list_catalog_1945,2026-02-10
159509,SZSE,szse_etf_list_catalog_1945,2026-02-10
159510,SZSE,szse_etf_list_catalog_1945,2026-02-10
159511,SZSE,szse_etf_list_catalog_1945,2026-02-10
159512,SZSE,szse_etf_list_catalog_1945,2026-02-10
159513,SZSE,szse_etf_list_catalog_1945,2026-02-10
159515,SZSE,szse_etf_list_catalog_1945,2026-02-10
159516,SZSE,szse_etf_list_catalog_1945,2026-02-10
159517,SZSE,szse_etf_list_catalog_1945,2026-02-10
159518,SZSE,szse_etf_list_catalog_1945,2026-02-10
159519,SZSE,szse_etf_list_catalog_1945,2026-02-10
159520,SZSE,szse_etf_list_catalog_1945,2026-02-10
159521,SZSE,szse_etf_list_catalog_1945,2026-02-10
159523,SZSE,szse_etf_list_catalog_1945,2026-02-10
159525,SZSE,szse_etf_list_catalog_1945,2026-02-10
159526,SZSE,szse_etf_list_catalog_1945,2026-02-10
159527,SZSE,szse_etf_list_catalog_1945,2026-02-10
159528,SZSE,szse_etf_list_catalog_1945,2026-02-10
159529,SZSE,szse_etf_list_catalog_1945,2026-02-10
159530,SZSE,szse_etf_list_catalog_1945,2026-02-10
159531,SZSE,szse_etf_list_catalog_1945,2026-02-10
159532,SZSE,szse_etf_list_catalog_1945,2026-02-10
159533,SZSE,szse_etf_list_catalog_1945,2026-02-10
159535,SZSE,szse_etf_list_catalog_1945,2026-02-10
159536,SZSE,szse_etf_list_catalog_1945,2026-02-10
159537,SZSE,szse_etf_list_catalog_1945,2026-02-10
159538,SZSE,szse_etf_list_catalog_1945,2026-02-10
159539,SZSE,szse_etf_list_catalog_1945,2026-02-10
159540,SZSE,szse_etf_list_catalog_1945,2026-02-10
159541,SZSE,szse_etf_list_catalog_1945,2026-02-10
159542,SZSE,szse_etf_list_catalog_1945,2026-02-10
159543,SZSE,szse_etf_list_catalog_1945,2026-02-10
159545,SZSE,szse_etf_list_catalog_1945,2026-02-10
159546,SZSE,szse_etf_list_catalog_1945,2026-02-10
159547,SZSE,szse_etf_list_catalog_1945,2026-02-10
159549,SZSE,szse_etf_list_catalog_1945,2026-02-10
159550,SZSE,szse_etf_list_catalog_1945,2026-02-10
159551,SZSE,szse_etf_list_catalog_1945,2026-02-10
159552,SZSE,szse_etf_list_catalog_1945,2026-02-10
159553,SZSE,szse_etf_list_catalog_1945,2026-02-10
159555,SZSE,szse_etf_list_catalog_1945,2026-02-10
159556,SZSE,szse_etf_list_catalog_1945,2026-02-10
159557,SZSE,szse_etf_list_catalog_1945,2026-02-10
159558,SZSE,szse_etf_list_catalog_1945,2026-02-10
159559,SZSE,szse_etf_list_catalog_1945,2026-02-10
159560,SZSE,szse_etf_list_catalog_1945,2026-02-10
159561,SZSE,szse_etf_list_catalog_1945,2026-02-10
159562,SZSE,szse_etf_list_catalog_1945,2026-02-10
159563,SZSE,szse_etf_list_catalog_1945,2026-02-10
159565,SZSE,szse_etf_list_catalog_1945,2026-02-10
159566,SZSE,szse_etf_list_catalog_1945,2026-02-10
159567,SZSE,szse_etf_list_catalog_1945,2026-02-10
159568,SZSE,szse_etf_list_catalog_1945,2026-02-10
159569,SZSE,szse_etf_list_catalog_1945,2026-02-10
159570,SZSE,szse_etf_list_catalog_1945,2026-02-10
159571,SZSE,szse_etf_list_catalog_1945,2026-02-10
159572,SZSE,szse_etf_list_catalog_1945,2026-02-10
159573,SZSE,szse_etf_list_catalog_1945,2026-02-10
159575,SZSE,szse_etf_list_catalog_1945,2026-02-10
159576,SZSE,szse_etf_list_catalog_1945,2026-02-10
159577,SZSE,szse_etf_list_catalog_1945,2026-02-10
159578,SZSE,szse_etf_list_catalog_1945,2026-02-10
159581,SZSE,szse_etf_list_catalog_1945,2026-02-10
159582,SZSE,szse_etf_list_catalog_1945,2026-02-10
159583,SZSE,szse_etf_list_catalog_1945,2026-02-10
159586,SZSE,szse_etf_list_catalog_1945,2026-02-10
159587,SZSE,szse_etf_list_catalog_1945,2026-02-10
159588,SZSE,szse_etf_list_catalog_1945,2026-02-10
159589,SZSE,szse_etf_list_catalog_1945,2026-02-10
159590,SZSE,szse_etf_list_catalog_1945,2026-02-10
159591,SZSE,szse_etf_list_catalog_1945,2026-02-10
159592,SZSE,szse_etf_list_catalog_1945,2026-02-10
159593,SZSE,szse_etf_list_catalog_1945,2026-02-10
159595,SZSE,szse_etf_list_catalog_1945,2026-02-10
159596,SZSE,szse_etf_list_catalog_1945,2026-02-10
159597,SZSE,szse_etf_list_catalog_1945,2026-02-10
159599,SZSE,szse_etf_list_catalog_1945,2026-02-10
159600,SZSE,szse_etf_list_catalog_1945,2026-02-10
159601,SZSE,szse_etf_list_catalog_1945,2026-02-10
159602,SZSE,szse_etf_list_catalog_1945,2026-02-10
159603,SZSE,szse_etf_list_catalog_1945,2026-02-10
159605,SZSE,szse_etf_list_catalog_1945,2026-02-10
159606,SZSE,szse_etf_list_catalog_1945,2026-02-10
159607,SZSE,szse_etf_list_catalog_1945,2026-02-10
159608,SZSE,szse_etf_list_catalog_1945,2026-02-10
159609,SZSE,szse_etf_list_catalog_1945,2026-02-10
159610,SZSE,szse_etf_list_catalog_1945,2026-02-10
159611,SZSE,szse_etf_list_catalog_1945,2026-02-10
159612,SZSE,szse_etf_list_catalog_1945,2026-02-10
159613,SZSE,szse_etf_list_catalog_1945,2026-02-10
159615,SZSE,szse_etf_list_catalog_1945,2026-02-10
159616,SZSE,szse_etf_list_catalog_1945,2026-02-10
159617,SZSE,szse_etf_list_catalog_1945,2026-02-10
159618,SZSE,szse_etf_list_catalog_1945,2026-02-10
159619,SZSE,szse_etf_list_catalog_1945,2026-02-10
159620,SZSE,szse_etf_list_catalog_1945,2026-02-10
159621,SZSE,szse_etf_list_catalog_1945,2026-02-10
159622,SZSE,szse_etf_list_catalog_1945,2026-02-10
159623,SZSE,szse_etf_list_catalog_1945,2026-02-10
159625,SZSE,szse_etf_list_catalog_1945,2026-02-10
159627,SZSE,szse_etf_list_catalog_1945,2026-02-10
159628,SZSE,szse_etf_list_catalog_1945,2026-02-10
159629,SZSE,szse_etf_list_catalog_1945,2026-02-10
159630,SZSE,szse_etf_list_catalog_1945,2026-02-10
159631,SZSE,szse_etf_list_catalog_1945,2026-02-10
159632,SZSE,szse_etf_list_catalog_1945,2026-02-10
159633,SZSE,szse_etf_list_catalog_1945,2026-02-10
159635,SZSE,szse_etf_list_catalog_1945,2026-02-10
159636,SZSE,szse_etf_list_catalog_1945,2026-02-10
159637,SZSE,szse_etf_list_catalog_1945,2026-02-10
159638,SZSE,szse_etf_list_catalog_1945,2026-02-10
159639,SZSE,szse_etf_list_catalog_1945,2026-02-10
159640,SZSE,szse_etf_list_catalog_1945,2026-02-10
159641,SZSE,szse_etf_list_catalog_1945,2026-02-10
159642,SZSE,szse_etf_list_catalog_1945,2026-02-10
159643,SZSE,szse_etf_list_catalog_1945,2026-02-10
159645,SZSE,szse_etf_list_catalog_1945,2026-02-10
159647,SZSE,szse_etf_list_catalog_1945,2026-02-10
159649,SZSE,szse_etf_list_catalog_1945,2026-02-10
159650,SZSE,szse_etf_list_catalog_1945,2026-02-10
159651,SZSE,szse_etf_list_catalog_1945,2026-02-10
159652,SZSE,szse_etf_list_catalog_1945,2026-02-10
159653,SZSE,szse_etf_list_catalog_1945,2026-02-10
159655,SZSE,szse_etf_list_catalog_1945,2026-02-10
159656,SZSE,szse_etf_list_catalog_1945,2026-02-10
159657,SZSE,szse_etf_list_catalog_1945,2026-02-10
159658,SZSE,szse_etf_list_catalog_1945,2026-02-10
159659,SZSE,szse_etf_list_catalog_1945,2026-02-10
159660,SZSE,szse_etf_list_catalog_1945,2026-02-10
159661,SZSE,szse_etf_list_catalog_1945,2026-02-10
159662,SZSE,szse_etf_list_catalog_1945,2026-02-10
159663,SZSE,szse_etf_list_catalog_1945,2026-02-10
159665,SZSE,szse_etf_list_catalog_1945,2026-02-10
159666,SZSE,szse_etf_list_catalog_1945,2026-02-10
159667,SZSE,szse_etf_list_catalog_1945,2026-02-10
159669,SZSE,szse_etf_list_catalog_1945,2026-02-10
159670,SZSE,szse_etf_list_catalog_1945,2026-02-10
159671,SZSE,szse_etf_list_catalog_1945,2026-02-10
159672,SZSE,szse_etf_list_catalog_1945,2026-02-10
159673,SZSE,szse_etf_list_catalog_1945,2026-02-10
159675,SZSE,szse_etf_list_catalog_1945,2026-02-10
159676,SZSE,szse_etf_list_catalog_1945,2026-02-10
159677,SZSE,szse_etf_list_catalog_1945,2026-02-10
159678,SZSE,szse_etf_list_catalog_1945,2026-02-10
159679,SZSE,szse_etf_list_catalog_1945,2026-02-10
159680,SZSE,szse_etf_list_catalog_1945,2026-02-10
159681,SZSE,szse_etf_list_catalog_1945,2026-02-10
159682,SZSE,szse_etf_list_catalog_1945,2026-02-10
159685,SZSE,szse_etf_list_catalog_1945,2026-02-10
159686,SZSE,szse_etf_list_catalog_1945,2026-02-10
159687,SZSE,szse_etf_list_catalog_1945,2026-02-10
159688,SZSE,szse_etf_list_catalog_1945,2026-02-10
159689,SZSE,szse_etf_list_catalog_1945,2026-02-10
159690,SZSE,szse_etf_list_catalog_1945,2026-02-10
159691,SZSE,szse_etf_list_catalog_1945,2026-02-10
159692,SZSE,szse_etf_list_catalog_1945,2026-02-10
159695,SZSE,szse_etf_list_catalog_1945,2026-02-10
159696,SZSE,szse_etf_list_catalog_1945,2026-02-10
159697,SZSE,szse_etf_list_catalog_1945,2026-02-10
159698,SZSE,szse_etf_list_catalog_1945,2026-02-10
159699,SZSE,szse_etf_list_catalog_1945,2026-02-10
159700,SZSE,szse_etf_list_catalog_1945,2026-02-10
159701,SZSE,szse_etf_list_catalog_1945,2026-02-10
159703,SZSE,szse_etf_list_catalog_1945,2026-02-10
159706,SZSE,szse_etf_list_catalog_1945,2026-02-10
159707,SZSE,szse_etf_list_catalog_1945,2026-02-10
159708,SZSE,szse_etf_list_catalog_1945,2026-02-10
159709,SZSE,szse_etf_list_catalog_1945,2026-02-10
159711,SZSE,szse_etf_list_catalog_1945,2026-02-10
159712,SZSE,szse_etf_list_catalog_1945,2026-02-10
159713,SZSE,szse_etf_list_catalog_1945,2026-02-10
159715,SZSE,szse_etf_list_catalog_1945,2026-02-10
159716,SZSE,szse_etf_list_catalog_1945,2026-02-10
159717,SZSE,szse_etf_list_catalog_1945,2026-02-10
159718,SZSE,szse_etf_list_catalog_1945,2026-02-10
159719,SZSE,szse_etf_list_catalog_1945,2026-02-10
159720,SZSE,szse_etf_list_catalog_1945,2026-02-10
159721,SZSE,szse_etf_list_catalog_1945,2026-02-10
159723,SZSE,szse_etf_list_catalog_1945,2026-02-10
159725,SZSE,szse_etf_list_catalog_1945,2026-02-10
159726,SZSE,szse_etf_list_catalog_1945,2026-02-10
159728,SZSE,szse_etf_list_catalog_1945,2026-02-10
159729,SZSE,szse_etf_list_catalog_1945,2026-02-10
159730,SZSE,szse_etf_list_catalog_1945,2026-02-10
159731,SZSE,szse_etf_list_catalog_1945,2026-02-10
159732,SZSE,szse_etf_list_catalog_1945,2026-02-10
159735,SZSE,szse_etf_list_catalog_1945,2026-02-10
159736,SZSE,szse_etf_list_catalog_1945,2026-02-10
159738,SZSE,szse_etf_list_catalog_1945,2026-02-10
159739,SZSE,szse_etf_list_catalog_1945,2026-02-10
159740,SZSE,szse_etf_list_catalog_1945,2026-02-10
159741,SZSE,szse_etf_list_catalog_1945,2026-02-10
159742,SZSE,szse_etf_list_catalog_1945,2026-02-10
159743,SZSE,szse_etf_list_catalog_1945,2026-02-10
159745,SZSE,szse_etf_list_catalog_1945,2026-02-10
159747,SZSE,szse_etf_list_catalog_1945,2026-02-10
159748,SZSE,szse_etf_list_catalog_1945,2026-02-10
159750,SZSE,szse_etf_list_catalog_1945,2026-02-10
159751,SZSE,szse_etf_list_catalog_1945,2026-02-10
159752,SZSE,szse_etf_list_catalog_1945,2026-02-10
159755,SZSE,szse_etf_list_catalog_1945,2026-02-10
159757,SZSE,szse_etf_list_catalog_1945,2026-02-10
159758,SZSE,szse_etf_list_catalog_1945,2026-02-10
159760,SZSE,szse_etf_list_catalog_1945,2026-02-10
159761,SZSE,szse_etf_list_catalog_1945,2026-02-10
159763,SZSE,szse_etf_list_catalog_1945,2026-02-10
159766,SZSE,szse_etf_list_catalog_1945,2026-02-10
159767,SZSE,szse_etf_list_catalog_1945,2026-02-10
159768,SZSE,szse_etf_list_catalog_1945,2026-02-10
159770,SZSE,szse_etf_list_catalog_1945,2026-02-10
159773,SZSE,szse_etf_list_catalog_1945,2026-02-10
159775,SZSE,szse_etf_list_catalog_1945,2026-02-10
159776,SZSE,szse_etf_list_catalog_1945,2026-02-10
159777,SZSE,szse_etf_list_catalog_1945,2026-02-10
159778,SZSE,szse_etf_list_catalog_1945,2026-02-10
159779,SZSE,szse_etf_list_catalog_1945,2026-02-10
159780,SZSE,szse_etf_list_catalog_1945,2026-02-10
159781,SZSE,szse_etf_list_catalog_1945,2026-02-10
159782,SZSE,szse_etf_list_catalog_1945,2026-02-10
159783,SZSE,szse_etf_list_catalog_1945,2026-02-10
159786,SZSE,szse_etf_list_catalog_1945,2026-02-10
159787,SZSE,szse_etf_list_catalog_1945,2026-02-10
159788,SZSE,szse_etf_list_catalog_1945,2026-02-10
159790,SZSE,szse_etf_list_catalog_1945,2026-02-10
159791,SZSE,szse_etf_list_catalog_1945,2026-02-10
159792,SZSE,szse_etf_list_catalog_1945,2026-02-10
159793,SZSE,szse_etf_list_catalog_1945,2026-02-10
159795,SZSE,szse_etf_list_catalog_1945,2026-02-10
159796,SZSE,szse_etf_list_catalog_1945,2026-02-10
159797,SZSE,szse_etf_list_catalog_1945,2026-02-10
159798,SZSE,szse_etf_list_catalog_1945,2026-02-10
159800,SZSE,szse_etf_list_catalog_1945,2026-02-10
159801,SZSE,szse_etf_list_catalog_1945,2026-02-10
159804,SZSE,szse_etf_list_catalog_1945,2026-02-10
159805,SZSE,szse_etf_list_catalog_1945,2026-02-10
159806,SZSE,szse_etf_list_catalog_1945,2026-02-10
159807,SZSE,szse_etf_list_catalog_1945,2026-02-10
159808,SZSE,szse_etf_list_catalog_1945,2026-02-10
159810,SZSE,szse_etf_list_catalog_1945,2026-02-10
159811,SZSE,szse_etf_list_catalog_1945,2026-02-10
159812,SZSE,szse_etf_list_catalog_1945,2026-02-10
159813,SZSE,szse_etf_list_catalog_1945,2026-02-10
159814,SZSE,szse_etf_list_catalog_1945,2026-02-10
159816,SZSE,szse_etf_list_catalog_1945,2026-02-10
159819,SZSE,szse_etf_list_catalog_1945,2026-02-10
159820,SZSE,szse_etf_list_catalog_1945,2026-02-10
159821,SZSE,szse_etf_list_catalog_1945,2026-02-10
159822,SZSE,szse_etf_list_catalog_1945,2026-02-10
159824,SZSE,szse_etf_list_catalog_1945,2026-02-10
159825,SZSE,szse_etf_list_catalog_1945,2026-02-10
159827,SZSE,szse_etf_list_catalog_1945,2026-02-10
159828,SZSE,szse_etf_list_catalog_1945,2026-02-10
159830,SZSE,szse_etf_list_catalog_1945,2026-02-10
159831,SZSE,szse_etf_list_catalog_1945,2026-02-10
159834,SZSE,szse_etf_list_catalog_1945,2026-02-10
159835,SZSE,szse_etf_list_catalog_1945,2026-02-10
159836,SZSE,szse_etf_list_catalog_1945,2026-02-10
159837,SZSE,szse_etf_list_catalog_1945,2026-02-10
159838,SZSE,szse_etf_list_catalog_1945,2026-02-10
159839,SZSE,szse_etf_list_catalog_1945,2026-02-10
159840,SZSE,szse_etf_list_catalog_1945,2026-02-10
159841,SZSE,szse_etf_list_catalog_1945,2026-02-10
159842,SZSE,szse_etf_list_catalog_1945,2026-02-10
159843,SZSE,szse_etf_list_catalog_1945,2026-02-10
159845,SZSE,szse_etf_list_catalog_1945,2026-02-10
159847,SZSE,szse_etf_list_catalog_1945,2026-02-10
159848,SZSE,szse_etf_list_catalog_1945,2026-02-10
159849,SZSE,szse_etf_list_catalog_1945,2026-02-10
159850,SZSE,szse_etf_list_catalog_1945,2026-02-10
159851,SZSE,szse_etf_list_catalog_1945,2026-02-10
159852,SZSE,szse_etf_list_catalog_1945,2026-02-10
159855,SZSE,szse_etf_list_catalog_1945,2026-02-10
159856,SZSE,szse_etf_list_catalog_1945,2026-02-10
159857,SZSE,szse_etf_list_catalog_1945,2026-02-10
159858,SZSE,szse_etf_list_catalog_1945,2026-02-10
159859,SZSE,szse_etf_list_catalog_1945,2026-02-10
159861,SZSE,szse_etf_list_catalog_1945,2026-02-10
159862,SZSE,szse_etf_list_catalog_1945,2026-02-10
159863,SZSE,szse_etf_list_catalog_1945,2026-02-10
159864,SZSE,szse_etf_list_catalog_1945,2026-02-10
159865,SZSE,szse_etf_list_catalog_1945,2026-02-10
159866,SZSE,szse_etf_list_catalog_1945,2026-02-10
159867,SZSE,szse_etf_list_catalog_1945,2026-02-10
159869,SZSE,szse_etf_list_catalog_1945,2026-02-10
159870,SZSE,szse_etf_list_catalog_1945,2026-02-10
159871,SZSE,szse_etf_list_catalog_1945,2026-02-10
159872,SZSE,szse_etf_list_catalog_1945,2026-02-10
159873,SZSE,szse_etf_list_catalog_1945,2026-02-10
159875,SZSE,szse_etf_list_catalog_1945,2026-02-10
159876,SZSE,szse_etf_list_catalog_1945,2026-02-10
159877,SZSE,szse_etf_list_catalog_1945,2026-02-10
159880,SZSE,szse_etf_list_catalog_1945,2026-02-10
159881,SZSE,szse_etf_list_catalog_1945,2026-02-10
159883,SZSE,szse_etf_list_catalog_1945,2026-02-10
159885,SZSE,szse_etf_list_catalog_1945,2026-02-10
159886,SZSE,szse_etf_list_catalog_1945,2026-02-10
159887,SZSE,szse_etf_list_catalog_1945,2026-02-10
159888,SZSE,szse_etf_list_catalog_1945,2026-02-10
159889,SZSE,szse_etf_list_catalog_1945,2026-02-10
159890,SZSE,szse_etf_list_catalog_1945,2026-02-10
159891,SZSE,szse_etf_list_catalog_1945,2026-02-10
159892,SZSE,szse_etf_list_catalog_1945,2026-02-10
159895,SZSE,szse_etf_list_catalog_1945,2026-02-10
159896,SZSE,szse_etf_list_catalog_1945,2026-02-10
159898,SZSE,szse_etf_list_catalog_1945,2026-02-10
159899,SZSE,szse_etf_list_catalog_1945,2026-02-10
159901,SZSE,szse_etf_list_catalog_1945,2026-02-10
159902,SZSE,szse_etf_list_catalog_1945,2026-02-10
159903,SZSE,szse_etf_list_catalog_1945,2026-02-10
159905,SZSE,szse_etf_list_catalog_1945,2026-02-10
159906,SZSE,szse_etf_list_catalog_1945,2026-02-10
159907,SZSE,szse_etf_list_catalog_1945,2026-02-10
159908,SZSE,szse_etf_list_catalog_1945,2026-02-10
159909,SZSE,szse_etf_list_catalog_1945,2026-02-10
159910,SZSE,szse_etf_list_catalog_1945,2026-02-10
159912,SZSE,szse_etf_list_catalog_1945,2026-02-10
159913,SZSE,szse_etf_list_catalog_1945,2026-02-10
159915,SZSE,szse_etf_list_catalog_1945,2026-02-10
159916,SZSE,szse_etf_list_catalog_1945,2026-02-10
159918,SZSE,szse_etf_list_catalog_1945,2026-02-10
159919,SZSE,szse_etf_list_catalog_1945,2026-02-10
159920,SZSE,szse_etf_list_catalog_1945,2026-02-10
159922,SZSE,szse_etf_list_catalog_1945,2026-02-10
159923,SZSE,szse_etf_list_catalog_1945,2026-02-10
159925,SZSE,szse_etf_list_catalog_1945,2026-02-10
159928,SZSE,szse_etf_list_catalog_1945,2026-02-10
159929,SZSE,szse_etf_list_catalog_1945,2026-02-10
159930,SZSE,szse_etf_list_catalog_1945,2026-02-10
159931,SZSE,szse_etf_list_catalog_1945,2026-02-10
159933,SZSE,szse_etf_list_catalog_1945,2026-02-10
159934,SZSE,szse_etf_list_catalog_1945,2026-02-10
159935,SZSE,szse_etf_list_catalog_1945,2026-02-10
159936,SZSE,szse_etf_list_catalog_1945,2026-02-10
159937,SZSE,szse_etf_list_catalog_1945,2026-02-10
159938,SZSE,szse_etf_list_catalog_1945,2026-02-10
159939,SZSE,szse_etf_list_catalog_1945,2026-02-10
159940,SZSE,szse_etf_list_catalog_1945,2026-02-10
159941,SZSE,szse_etf_list_catalog_1945,2026-02-10
159943,SZSE,szse_etf_list_catalog_1945,2026-02-10
159944,SZSE,szse_etf_list_catalog_1945,2026-02-10
159945,SZSE,szse_etf_list_catalog_1945,2026-02-10
159948,SZSE,szse_etf_list_catalog_1945,2026-02-10
159949,SZSE,szse_etf_list_catalog_1945,2026-02-10
159952,SZSE,szse_etf_list_catalog_1945,2026-02-10
159954,SZSE,szse_etf_list_catalog_1945,2026-02-10
159956,SZSE,szse_etf_list_catalog_1945,2026-02-10
159957,SZSE,szse_etf_list_catalog_1945,2026-02-10
159958,SZSE,szse_etf_list_catalog_1945,2026-02-10
159959,SZSE,szse_etf_list_catalog_1945,2026-02-10
159960,SZSE,szse_etf_list_catalog_1945,2026-02-10
159961,SZSE,szse_etf_list_catalog_1945,2026-02-10
159964,SZSE,szse_etf_list_catalog_1945,2026-02-10
159965,SZSE,szse_etf_list_catalog_1945,2026-02-10
159966,SZSE,szse_etf_list_catalog_1945,2026-02-10
159967,SZSE,szse_etf_list_catalog_1945,2026-02-10
159968,SZSE,szse_etf_list_catalog_1945,2026-02-10
159969,SZSE,szse_etf_list_catalog_1945,2026-02-10
159970,SZSE,szse_etf_list_catalog_1945,2026-02-10
159971,SZSE,szse_etf_list_catalog_1945,2026-02-10
159972,SZSE,szse_etf_list_catalog_1945,2026-02-10
159973,SZSE,szse_etf_list_catalog_1945,2026-02-10
159974,SZSE,szse_etf_list_catalog_1945,2026-02-10
159975,SZSE,szse_etf_list_catalog_1945,2026-02-10
159976,SZSE,szse_etf_list_catalog_1945,2026-02-10
159977,SZSE,szse_etf_list_catalog_1945,2026-02-10
159980,SZSE,szse_etf_list_catalog_1945,2026-02-10
159981,SZSE,szse_etf_list_catalog_1945,2026-02-10
159982,SZSE,szse_etf_list_catalog_1945,2026-02-10
159985,SZSE,szse_etf_list_catalog_1945,2026-02-10
159991,SZSE,szse_etf_list_catalog_1945,2026-02-10
159992,SZSE,szse_etf_list_catalog_1945,2026-02-10
159993,SZSE,szse_etf_list_catalog_1945,2026-02-10
159994,SZSE,szse_etf_list_catalog_1945,2026-02-10
159995,SZSE,szse_etf_list_catalog_1945,2026-02-10
159996,SZSE,szse_etf_list_catalog_1945,2026-02-10
159997,SZSE,szse_etf_list_catalog_1945,2026-02-10
159998,SZSE,szse_etf_list_catalog_1945,2026-02-10
